Neighborhood,Price,Bedrooms,Bathrooms,House Size,Description,Neighborhood Description
Willow Glen,"$950,000",4,3,"2,500 sqft","Step into this modern 4-bedroom, 3-bathroom home located in the desirable Willow Glen neighborhood. The house features an updated kitchen with stainless steel appliances, a spacious living room with a fireplace, and a beautifully landscaped backyard perfect for entertaining. With its convenient location near shops and restaurants, this home is ideal for families and professionals alike.","Willow Glen is known for its tree-lined streets, charming boutiques, and top-rated schools. Residents enjoy easy access to parks, farmers markets, and local coffee shops. The neighborhood offers a vibrant community feel with plenty of activities for all ages."
Lakeview Terrace,"$1,200,000",5,4,"3,000 sqft","Experience luxury living in this stunning 5-bedroom, 4-bathroom home situated in the prestigious Lakeview Terrace neighborhood. The property boasts high-end finishes, a gourmet kitchen, a private pool, and breathtaking views of the lake. With ample space for entertaining and relaxation, this home offers a serene retreat from the hustle and bustle of city life.","Lakeview Terrace is an exclusive waterfront community known for its upscale homes and tranquil surroundings. Residents can enjoy water activities, walking trails, and community events. The neighborhood provides a peaceful escape within reach of urban amenities."
Oak Hills,"$850,000",3,2,"2,200 sqft","Don't miss out on this charming 3-bedroom, 2-bathroom home located in the sought-after Oak Hills neighborhood. The property features a cozy fireplace, a spacious backyard with a deck, and plenty of natural light throughout. With its convenient proximity to schools and parks, this home offers the perfect blend of comfort and convenience for families.","Oak Hills is a family-friendly community with tree-lined streets and well-maintained parks. Residents enjoy easy access to shopping centers, restaurants, and recreational facilities. The neighborhood exudes a welcoming atmosphere where neighbors become friends."
Sunset Ridge,"$750,000",3,2,"1,800 sqft","Welcome to this cozy 3-bedroom, 2-bathroom home nestled in the serene Sunset Ridge neighborhood. The house features a remodeled kitchen, a sunlit living room, and a beautifully landscaped front yard. With its peaceful surroundings and mountain views, this home offers a tranquil escape from the daily grind.","Sunset Ridge is a quiet residential area surrounded by nature preserves and hiking trails. Residents can enjoy a laid-back lifestyle with access to local parks, farmers markets, and community events. The neighborhood provides a peaceful retreat while still being close to city conveniences."
Harbor East,"$1,500,000",4,3,"2,800 sqft","Live in luxury in this exquisite 4-bedroom, 3-bathroom home located in the prestigious Harbor East neighborhood. The property features a gourmet kitchen, a private dock, and stunning waterfront views. With its modern design and prime waterfront location, this home offers the ultimate coastal living experience.","Harbor East is a premier waterfront community known for its upscale amenities and boating opportunities. Residents can enjoy waterfront dining, boutique shopping, and marina access. The neighborhood offers a sophisticated coastal lifestyle with easy access to urban attractions."
Pinecrest Heights,"$680,000",3,2,"1,600 sqft","Discover this charming 3-bedroom, 2-bathroom home situated in the friendly Pinecrest Heights neighborhood. The house features a spacious backyard, a sunroom, and an updated kitchen with granite countertops. With its proximity to schools and parks, this home is perfect for families looking for a welcoming community.","Pinecrest Heights is a close-knit residential area with tree-lined streets and community events. Residents enjoy a family-friendly atmosphere with local parks, playgrounds, and schools nearby. The neighborhood provides a safe and vibrant environment for families to thrive."
Maple Grove,"$720,000",4,3,"2,100 sqft","Step into this modern 4-bedroom, 3-bathroom home located in the desirable Maple Grove neighborhood. The house features an open-concept floor plan, a chef's kitchen, and a private backyard with a patio. With its convenient location near shopping centers and schools, this home is perfect for families seeking comfort and convenience.","Maple Grove is a family-friendly community with well-maintained parks, shopping centers, and recreational facilities. Residents enjoy a vibrant atmosphere with community events, farmers markets, and local eateries. The neighborhood offers a sense of community and belonging for residents of all ages."
Canyon View,"$880,000",3,2,"2,300 sqft","Escape to this peaceful 3-bedroom, 2-bathroom home nestled in the scenic Canyon View neighborhood. The property features a wrap-around deck, a spacious living room with vaulted ceilings, and mountain views. With its tranquil setting and proximity to hiking trails, this home provides a serene retreat for nature lovers.","Canyon View offers a quiet escape from city life with its stunning natural surroundings and outdoor recreation opportunities. Residents can enjoy hiking, biking, and birdwatching in the nearby canyons and parks. The neighborhood provides a peaceful retreat while still being close to urban conveniences."
Oceanfront Estates,"$2,000,000",5,4,"4,500 sqft","Indulge in luxury living in this expansive 5-bedroom, 4-bathroom home located in the exclusive Oceanfront Estates neighborhood. The house features a grand foyer, a chef's kitchen, a private pool, and panoramic ocean views. With its sophisticated design and prime oceanfront location, this home offers a lavish coastal lifestyle.","Oceanfront Estates is a prestigious coastal community known for its extravagant homes and upscale amenities. Residents can enjoy beach access, oceanfront dining, and luxury shopping. The neighborhood offers a glamorous oceanfront lifestyle with a resort-like atmosphere."
Mountain View Heights,"$850,000",4,3,"2,400 sqft","Live the good life in this spacious 4-bedroom, 3-bathroom home nestled in the desirable Mountain View Heights neighborhood. The house boasts a gourmet kitchen, a cozy fireplace, and a large backyard with mountain views. With its convenient proximity to hiking trails and shopping centers, this home is ideal for outdoor enthusiasts and families.","Mountain View Heights offers a peaceful environment with scenic mountain views and outdoor recreation opportunities. Residents can enjoy hiking, biking, and outdoor activities in the nearby parks and trails. The neighborhood provides a serene retreat from city life while still being close to urban conveniences."
